Question Type,Reference,Question,Answer
QT,1:1,Quote Hebrews 1:1,"Long ago, at many times and in many ways, God spoke to our fathers by the prophets"
QT,1:2,Quote Hebrews 1:2,"but in these last days he has spoken to us by his Son, whom he appointed the heir of all things, through whom also he created the world."
QT,1:3,Quote Hebrews 1:3,"He is the radiance of the glory of God and the exact imprint of his nature, and he upholds the universe by the word of his power. After making purification for sins, he sat down at the right hand of the Majesty on high"
QT,1:4,Quote Hebrews 1:4,having become as much superior to angels as the name he has inherited is more excellent than theirs
FTV,1:1,"Long ago, at many times","and in many ways, God spoke to our fathers by the prophets"
FTV,1:2,but in these last days,"he has spoken to us by his Son, whom he appointed the heir of all things, through whom also he created the world."
FTV,1:3,He is the radiance of,"the glory of God and the exact imprint of his nature, and he upholds the universe by the word of his power. After making purification for sins, he sat down at the right hand of the Majesty on high"
FTV,1:4,having become as much superior,to angels as the name he has inherited is more excellent than theirs
INT,1:1,"Long ago, when?",At many times
INT,1:1,"Long ago, how?",In many ways
INT,1:1,"Long ago, at many times and in what?",Many ways
INT,1:1,Many times and in what?,Many ways
INT,1:1,"In many ways, God what?",Spoke to our fathers by the prophets
INT,1:1,"In many ways, God spoke to our fathers how?",By the prophets
INT,1:2,But in these last what?,Days
INT,1:2,But in these last days he has what?,Spoken to us by his Son
INT,1:2,"In these last days he has spoken to us by his Son, whom he what?",Appointed the heir of all things
INT,1:3,The radiance of what?,The glory of God
INT,1:3,He is the radiance of what?,The glory of God
INT,1:3,The exact what?,Imprint of his nature
INT,1:3,The exact imprint of what?,His nature
INT,1:3,What of his nature?,The exact imprint
INT,1:3,And he upholds what?,The universe
INT,1:3,And he upholds the universe how?,By the word of his power
INT,1:3,After making what?,Purification for sins
INT,1:3,"After making purification for sins, he what?",Sat down at the right hand of the Majesty on high
INT,1:4,The name he has inherited is what?,More excellent than theirs
INT,1:4,What more excellent than theirs?,The name he has inherited
INT,1:6,"And again, when he brings who?",The firstborn
INT,1:6,He brings the firstborn where?,Into the world
INT,1:6,"When he brings the firstborn into the world, he says what?",Let all God's angels worship him
INT,1:7,"He makes his angels winds, and what?",His ministers a flame of fire
INT,1:7,"His angels winds, and his ministers what?",A flame of fire
INT,1:7,His ministers a what?,Flame of fire
INT,1:7,A flame of what?,Fire
INT,1:7,"What, a flame of fire?",His ministers
INT,1:8,The scepter of uprightness is what?,The scepter of your kingdom
INT,1:8,The scepter of uprightness is the scepter of what?,Your kingdom
INT,1:9,You have loved what?,Righteousness
INT,1:9,You have loved righteousness and hated what?,Wickedness
INT,1:9,And hated what?,Wickedness
INT,1:9,Who has anointed you?,"God, your God"
INT,1:9,Anointed you with what?,The oil of gladness beyond your companions
INT,1:9,The oil of what?,Gladness
INT,1:9,What of gladness?,The oil
INT,1:9,Anointed you with the oil of gladness how?,Beyond your companions
INT,1:10,"You, Lord, laid what?",The foundation of the earth
INT,1:10,"You, Lord, laid the foundation of the earth when?",In the beginning
INT,1:11,They will all wear out how?,Like a garment
INT,1:11,They will all wear out like what?,A garment
INT,1:12,Like a robe you will what?,Roll them up
INT,1:12,They will be changed how?,Like a garment
INT,1:14,Are they not all ministering what?,Spirits
INT,1:14,Ministering what?,Spirits
INT,1:14,"What, sent out to serve for the sake of those who are to inherit salvation?",Ministering spirits
INT,1:14,Ministering spirits sent out to what?,Serve for the sake of those who are to inherit salvation
INT,1:14,Ministering spirits sent where?,Out
QT,2:14,Quote Hebrews 2:14,"Since therefore the children share in flesh and blood, he himself likewise partook of the same things, that through death he might destroy the one who has the power of death, that is, the devil"
QT,2:15,Quote Hebrews 2:15,and deliver all those who through fear of death were subject to lifelong slavery.
FTV,2:14,Since therefore the children share ,"in flesh and blood, he himself likewise partook of the same things, that through death he might destroy the one who has the power of death, that is, the devil"
FTV,2:15,and deliver all those who ,through fear of death were subject to lifelong slavery.
INT,2:1,Therefore we must pay what?,Much closer attention to what we have heard
INT,2:1,What attention?,Much closer
INT,2:1,"We must pay much closer attention, why?",Lest we drift away from it
INT,2:1,Lest we drift where?,Away from it
INT,2:2,"What, declared by angels?",The message
INT,2:2,What proved to be reliable?,The message declared by angels
INT,2:2,Proved to be what?,Reliable
INT,2:2,Every transgression or disobedience received what?,A just retribution
MA,2:2,What received a just retribution?,Every transgression or disobedience
INT,2:2,Which retribution?,A just
INT,2:2,Every transgression or what?,Disobedience
INT,2:3,It was attested to us by whom?,Those who heard
INT,2:4,While God also bore what?,Witness
MA,2:4,God also bore witness by what?,Signs and wonders and various miracles
MA,2:4,God also bore witness how?,By signs and wonders and various miracles and by gifts of the Holy Spirit
INT,2:4,"What, distributed according to his will?",Gifts of the Holy Spirit
MA,2:4,Signs and what?,Wonders and various miracles
INT,2:4,Which miracles?,Various
INT,2:5,God subjected what?,The world to come
INT,2:6,"What, that you are mindful of him?",What is man
INT,2:6,"You are mindful of him, or the son of man, that you what?",Care for him
INT,2:9,"Lower than the angels, namely who?",Jesus
MA,2:9,"Namely Jesus, crowned with what?",Glory and honor
INT,2:9,"Namely Jesus, crowned with glory and honor why?",Because of the suffering of death
INT,2:9,He might taste death for who?,Everyone
INT,2:9,"He might taste death for everyone, how?",By the grace of God
INT,2:10,What things exist?,All
INT,2:10,In bringing many what?,Sons
INT,2:10,In bringing many sons where?,To glory
INT,2:10,"In bringing many sons to glory, should make what?",The founder of their salvation perfect through suffering
INT,2:11,For he who sanctifies and those who are sanctified all have what?,One source
INT,2:11,That is why he is not ashamed to what?,Call them brothers
INT,2:11,He is not ashamed to call them what?,Brothers
INT,2:12,In the midst of what?,The congregation
INT,2:12,"In the midst of the congregation, I will what?",Sing your praise
INT,2:12,I will sing what?,Your praise
INT,2:12,I will sing your praise where?,In the midst of the congregation
INT,2:13,I will put my trust where?,In him
INT,2:14,He himself likewise what?,Partook of the same things
INT,2:14,Who likewise partook of the same things?,He himself
INT,2:14,"He himself likewise partook of the same things, why?",That through death he might destroy the one who has the power of death
INT,2:14,Through death he might destroy who?,The one who has the power of death
INT,2:14,"Through death he might destroy the one who has the power of death, who?",The devil
INT,2:14,Who is the devil?,The one who has the power of death
INT,2:15,And deliver who?,All those who through fear of death were subject to lifelong slavery
INT,2:15,Which slavery?,Lifelong
INT,2:15,Subject to what?,Lifelong slavery
INT,2:15,Subject to lifelong slavery how?,Through fear of death
INT,2:17,To make propitiation for what?,The sins of the people
QT,3:12,Quote Hebrews 3:12,"Take care, brothers, lest there be in any of you an evil, unbelieving heart, leading you to fall away from the living God."
QT,3:13,Quote Hebrews 3:13,"But exhort one another every day, as long as it is called “today,” that none of you may be hardened by the deceitfulness of sin."
QT,3:14,Quote Hebrews 3:14,"For we have come to share in Christ, if indeed we hold our original confidence firm to the end."
FTV,3:12,"Take care, brothers, lest there","be in any of you an evil, unbelieving heart, leading you to fall away from the living God."
FTV,3:13,But exhort one another every,"day, as long as it is called “today,” that none of you may be hardened by the deceitfulness of sin."
FTV,3:14,For we have come to,"share in Christ, if indeed we hold our original confidence firm to the end."
INT,3:1,Which calling?,A heavenly
INT,3:1,"Who, the apostle and high priest of our confession?",Jesus
INT,3:1,"Consider Jesus, the apostle and what?",High priest of our confession
INT,3:1,"Consider Jesus, the apostle and high priest of what?",Our confession
INT,3:3,For Jesus has been counted what?,Worthy of more glory than Moses
INT,3:3,Jesus has been counted worthy of more glory than whom?,Moses
INT,3:4,For every house is built by who?,Someone
INT,3:4,"Every house is built by someone, but what?",The builder of all things is God
INT,3:4,"Every house is built by someone, but the builder of all things is who?",God
INT,3:5,To testify to what?,The things that were to be spoken later
INT,3:5,To testify to the things that were to be spoken when?,Later
INT,3:6,Our boasting in what?,Our hope
INT,3:8,On the day of testing where?,In the wilderness
INT,3:10,Provoked with that generation and said what?,They always go astray in their heart
INT,3:10,The always go astray where?,In their heart
INT,3:10,They have not known what?,My ways
INT,3:12,"An evil, unbelieving what?",Heart
INT,3:12,"An evil, unbelieving heart, leading you to what?",Fall away from the living God
INT,3:12,Leading you to what?,Fall away from the living God
INT,3:12,"What, leading you to fall away from the living God?","An evil, unbelieving heart"
INT,3:13,But exhort who?,One another
INT,3:13,Exhort one another when?,Every day
INT,3:13,"Exhort one another every day, why?",That none of you may be hardened by the deceitfulness of sin.
INT,3:13,That none of you may be what?,Hardened by the deceitfulness of sin
INT,3:13,Hardened by what?,The deceitfulness of sin
INT,3:13,The deceitfulness of what?,Sin
INT,3:14,"We hold our originial confidence firm to the end, why?",To share in Christ
INT,3:14,We hold our original confidence how?,Firm to the end
INT,3:14,Firm to when?,The end
INT,3:16,"Who, and yet rebelled?",Those who heard
INT,3:17,"Those who sinned, whose what?",Bodies fell in the wilderness
INT,3:19,"What, because of unbelief?",They were unable to enter
QT,4:11,Quote Hebrews 4:11,"Let us therefore strive to enter that rest, so that no one may fall by the same sort of disobedience."
QT,4:12,Quote Hebrews 4:12,"For the word of God is living and active, sharper than any two-edged sword, piercing to the division of soul and of spirit, of joints and of marrow, and discerning the thoughts and intentions of the heart."
QT,4:13,Quote Hebrews 4:13,"And no creature is hidden from his sight, but all are naked and exposed to the eyes of him to whom we must give account."
FTV,4:11,Let us therefore strive to ,"enter that rest, so that no one may fall by the same sort of disobedience."
FTV,4:12,For the word of God,"is living and active, sharper than any two-edged sword, piercing to the division of soul and of spirit, of joints and of marrow, and discerning the thoughts and intentions of the heart."
FTV,4:13,And no creature is hidden ,"from his sight, but all are naked and exposed to the eyes of him to whom we must give account."
INT,4:1,"While the promise of entering his rest still stands, what?",Let us fear
INT,4:1,While the promise of entering what?,His rest
INT,4:1,While the promise of entering his res what?,Still stands
INT,4:1,Any of you should seem to what?,Have failed to reach it
INT,4:1,Should seem to reach what?,The promise of entering his rest
INT,4:2,What did not benefit them?,The message they heard
INT,4:2,Did not benefit them why?,Because they were not united by faith
INT,4:2,They were not united by what?,Faith
INT,4:2,They were not united by faith with whom?,Those who listened
INT,4:2,What with those who listened?,United by faith
INT,4:3,For we who have believed what?,Enter that rest
INT,4:3,His works were finished from when?,The foundation of the world
INT,4:3,Finished from the foundation of what?,The world
INT,4:5,And again in this passage he said what?,They shall not enter my rest
INT,4:7,"Again he appoints a certain day, when?",Today
INT,4:7,In the words already what?,Quoted
INT,4:7,Which words already quoted?,"Today if you hear his voice, do not harden your hearts"
INT,4:8,For if Joshua had what?,Given them rest
INT,4:9,There remains a Sabbath rest for who?,The people of God
INT,4:9,A Sabbath what?,Rest
INT,4:11,The same sort of what?,Disobedience
INT,4:11,What by the same sort of disobedience?,No one may fall
INT,4:12,What is living and active?,The word of God
INT,4:12,Sharper than what?,Any two-edged sword
INT,4:12,What and active?,Living
INT,4:12,Any two-edged what?,Sword
MA,4:12,Piercing to the division of what?,"Soul and spirit, of joints and of marrow"
INT,4:12,The division of soul and what?,Spirit
INT,4:12,Of joints and of what?,Marrow
INT,4:12,What and of marrow?,Of joints
MA,4:12,Discerning what?,The thoughts and intentions of the heart
INT,4:12,Discerning the thoughts and what?,Intentions of the heart
INT,4:12,What and intentions of the heart?,The thoughts
INT,4:13,And no creature is what?,Hidden from his sight
INT,4:13,All are naked and what?,Exposed to the eyes of him to whom we must give account
INT,4:13,Exposed to what?,The eyes of him to whom we must give account
INT,4:14,"Who, who has passed through the heavens?","A great high priest, Jesus the Son of God"
INT,4:14,Who has passed through where?,The heavens
INT,4:15,Unable to sympathize with what?,Our weaknesses
INT,4:15,What with our weaknesses?,Unable to sympathize
INT,4:16,"Find grace, why?",To help in time of need
INT,4:16,What and find grace to help in time of need?,We may receive mercy
QT,5:7,Quote Hebrews 5:7,"In the days of his flesh, Jesus offered up prayers and supplications, with loud cries and tears, to him who was able to save him from death, and he was heard because of his reverence."
QT,5:8,Quote Hebrews 5:8,"Although he was a son, he learned obedience through what he suffered."
QT,5:9,Quote Hebrews 5:9,"And being made perfect, he became the source of eternal salvation to all who obey him,"
QT,5:10,Quote Hebrews 5:10,being designated by God a high priest after the order of Melchizedek.
FTV,5:7,In the days of his,"flesh, Jesus offered up prayers and supplications, with loud cries and tears, to him who was able to save him from death, and he was heard because of his reverence."
FTV,5:8,"Although he was a son,", he learned obedience through what he suffered.
FTV,5:9,"And being made perfect, he"," became the source of eternal salvation to all who obey him,"
FTV,5:10,being designated by God a,high priest after the order of Melchizedek.
INT,5:1,Every high priest chosen how?,From among men
INT,5:1,Every high priest chosen among who?,Men
INT,5:1,What chosen from among men?,Every high priest
INT,5:1,Men in relation to who?,God
MA,5:1,"In relation to God, to offer what?",Gifts and sacrifices
INT,5:1,"In relation to God, to offer gifts and sacrifices why?",For sins
MA,5:2,He can deal gently with whom?,The ignorant and wayward
INT,5:2,He can deal gently with the ignorant and what?,Wayward
INT,5:2,What and wayward?,Ignorant
INT,5:2,"He can deal gently with the ignorant and wayward, why?",Since he himself is beset with weakness
INT,5:2,He himself is beset with what?,Weakness
INT,5:2,Who is beset with weakness?,He himself
INT,5:3,He is obligated to what?,Offer sacrifice for his own sins
INT,5:3,He is obligated to offer what?,Sacrifice for his own sins
INT,5:3,He is obligated to offer sacrifice for his own sins just as what?,He does for those of the people
INT,5:5,Christ did not exalt who?,Himself
INT,5:5,Christ did not exalt himself why?,To be made a high priest
INT,5:5,"Christ did not exalt himself to be made a high priest, but was what?",Appointed
INT,5:7,Jesus offered up prayers and supplications when?,In the days of his flesh
INT,5:7,Jesus offered up prayers and what?,Supplications
MA,5:7,Jesus offered up prayers and supplications how?,With loud cries and tears
INT,5:7,Loud what?,Cries
INT,5:7,With loud cries and what?,Tears
INT,5:7,Loud cries and tears to who?,To him who was able to save him from death
INT,5:8,He learned obedience how?,Through what he suffered
INT,5:8,He learned what?,Obedience
INT,5:8,Which obedience?,Learned
INT,5:10,Being designated by God a what?,High priest after the order of Melchizedek.
INT,5:10,Being designated by whom?,God
INT,5:11,It is hard to explain why?,Since you have become dull of hearing
INT,5:11,Dull of what?,Hearing
INT,5:11,What of hearing?,Dull
INT,5:12,By this time you ought to be what?,Teachers
INT,5:12,The basic what?,Principles of the oracles of God
INT,5:12,The basic principles of what?,The oracles of God
INT,5:12,The oracles of whom?,God
INT,5:12,Which principles?,The basic
INT,5:12,The basic principles of the oracles of God. You need what?,Milk
INT,5:13,Who is unskilled in the word of righteousness?,Everyone who lives on milk
INT,5:14,What is for the mature?,Solid food
INT,5:14,Powers of discernment trained by what?,Constant practice to distinguish good from evil
INT,5:14,Constant what?,Practice
INT,5:14,Constant practice to what?,Distinguish good from evil
INT,5:14,Distinguish what?,Good from evil
QT,6:10,Quote Hebrews 6:10,"For God is not unjust so as to overlook your work and the love that you have shown for his name in serving the saints, as you still do."
QT,6:11,Quote Hebrews 6:11,"And we desire each one of you to show the same earnestness to have the full assurance of hope until the end,"
QT,6:12,Quote Hebrews 6:12,"so that you may not be sluggish, but imitators of those who through faith and patience inherit the promises."
FTV,6:10,For God is not unjust,"so as to overlook your work and the love that you have shown for his name in serving the saints, as you still do."
FTV,6:11,And we desire each one,"of you to show the same earnestness to have the full assurance of hope until the end,"
FTV,6:12,so that you may not,"be sluggish, but imitators of those who through faith and patience inherit the promises."
INT,6:1,Which doctrine?,The elementary doctrine of Christ
INT,6:1,Leave the elementary what?,Doctrine of Christ
INT,6:1,Leave the elementary doctrine of Christ and what?,Go on to maturity
INT,6:1,"Go on to maturity, not laying again a what?",Foundation of repentance from dead works and of faith toward God
MA,6:1,"Go on to maturity, not laying again a foundation of what?",Repentance from dead works and of faith toward God
MA,6:2,Of instruction about what?,"Washings, the laying on of hands, the resurrection of the dead, and eternal judgement"
INT,6:3,What if God permits?,This we will do
INT,6:4,Which gift?,The heavenly
INT,6:4,"Tasted the heavenly gift, and have what?",Shared in the Holy Spirit
INT,6:4,What and have shared in the Holy Spirit?,Tasted the heavenly gift
INT,6:5,Tasted the goodness of what?,The word of God
INT,6:6,"Then have fallen away, to what?",Restore them again to repentance
INT,6:6,Restore them how?,Again to repentance
INT,6:6,"Restore them again to repentance, why?",Since they are crucifying once again the Son of God
INT,6:6,They are crucifying once again who?,The Son of God
INT,6:6,They are crucifying once again the Son of God to what?,Their own harm
INT,6:6,What to their own harm?,Crucifying the Son of God
INT,6:6,Crucifying the Son of God to their own harm and what?,Holding him up to contempt
INT,6:6,What to contempt?,Holding him up
INT,6:7,For land that has drunk what?,The rain that often falls on it
INT,6:7,Which rain?,That often falls on it
INT,6:7,Drunk the rain that what?,Often falls on it
INT,6:7,The rain that often what?,Falls on it
INT,6:7,What falls on it?,Rain
INT,6:7,"For land that has drunk the rain that often falls on it, and what?",Produces a crop
INT,6:7,Which crop?,Useful to those for whose sake it is cultivated
INT,6:7,Produces a crop useful to who?,Those for whose sake it is cultivated
INT,6:7,What is cultivated?,A crop
INT,6:8,But if it bears thorns and what?,Thistles
MA,6:8,"If it bears thorns and thistles, it is what?",Worthless and near to being cursed
INT,6:8,"Near to being cursed, and its end is what?",To be burned
INT,6:8,What and thistles?,Thorns
INT,6:9,"Beloved, we feel what?",Sure of better things
INT,6:9,Things that belong to what?,Salvation
INT,6:9,"In your case, beloved, we what?",Feel sure of better things
INT,6:10,Who is not unjust?,God
INT,6:9,God is not unjust how?,So as to overlook your work
MA,6:9,So as to overlook what?,Your work and the love that you have shown for his name
INT,6:9,To overlook your work and what?,The love that you have shown for his name
INT,6:9,Serving who?,The saints
INT,6:11,Which earnestness?,The same
INT,6:11,Show the same earnestness why?,To have the full assurance of hope
INT,6:11,Show the same earnestness to have the full assurance of hope until when?,The end
INT,6:12,"You may not be sluggish, but what?",Imitators of those who through faith and patience inherit the promises
INT,6:12,Imitators of those who what?,Through faith and patience inherit the promises
INT,6:12,Through faith and patience inherit what?,The promises
INT,6:14,Surely I will bless you and what?,Multiply you
INT,6:14,I will bless you and multiply you how?,Surely
INT,6:14,What and multiply you?,Bless you
INT,6:15,Who having patiently waited?,Abraham
INT,6:15,"Abraham, having patiently what?",Waited
INT,6:15,"Abraham, having patiently waited, what?",Obtained the promise
INT,6:15,Waited how?,Patiently
INT,6:16,In all their disputes an oath is what?,Final for confirmation
INT,6:16,And oath is final for what?,Confirmation
INT,6:16,What is final for confirmation?,An oath
INT,6:17,Show more convincingly to who?,The heirs of the promise
INT,6:17,The unchangeable character of what?,His purpose
INT,6:17,He guaranteed it with what?,An oath
INT,6:18,What for God to lie?,It is impossible
INT,6:18,We who have fled for what?,Refuge
INT,6:18,What for refuge?,Fled
INT,6:18,We who fave fled for refuge might have what?,Strong encouragement
INT,6:18,Which encouragement?,Strong
INT,6:18,Strong encouragement to what?,Hold fast to the hope set before us
MA,6:19,Which anchor of the soul?,A sure and steadfast
INT,6:19,A sure and steadfast what?,Anchor of the soul
INT,6:19,"A sure and steadfast anchor of the soul, a hope that what?",Enters into the inner place behind the curtain
INT,6:19,"The inner place, where?",Behind the curtain
INT,6:19-20,"The inner place behind the curtain, where Jesus has what?",Gone as a forerunner on our behalf
INT,6:20,Who as a forerunner on our behalf?,Jesus
MA,7:1,Who met Abraham returning from the slaughter of the kings?,"Melchizedek, king of Salem, priest of the Most High God"
QT,7:26,Quote Hebrews 7:26,"For it was indeed fitting that we should have such a high priest, holy, innocent, unstained, separated from sinners, and exalted above the heavens."
QT,7:27,Quote Hebrews 7:27,"He has no need, like those high priests, to offer sacrifices daily, first for his own sins and then for those of the people, since he did this once for all when he offered up himself."
QT,7:28,Quote Hebrews 7:28,"For the law appoints men in their weakness as high priests, but the word of the oath, which came later than the law, appoints a Son who has been made perfect forever."
FTV,7:26,For it was indeed fitting,"that we should have such a high priest, holy, innocent, unstained, separated from sinners, and exalted above the heavens."
FTV,7:27,"He has no need, like","those high priests, to offer sacrifices daily, first for his own sins and then for those of the people, since he did this once for all when he offered up himself."
FTV,7:28,For the law appoints men,"in their weakness as high priests, but the word of the oath, which came later than the law, appoints a Son who has been made perfect forever."
INT,7:1,Met Abraham returning from what?,The slaighter of the kings
INT,7:1,The slaughter of who?,The kings
INT,7:1,What of the kings?,The slaughter
INT,7:2,To him Abraham apportioned what?,A tenth part of everything
INT,7:2,A tenth part of what?,Everything
INT,7:2,By translation of what?,His name
INT,7:2,"By translation of his name, king of what?",Righteousness
INT,7:3,Without father or mother or what?,Genealogy
MA,7:3,"Without father or mother or genealogy, having neither what?",Beginning of days nor end of life
INT,7:3,But resembling who?,The Son of God
INT,7:3,Resembling the Son of God he what?,Continues a priest forever
INT,7:4,Abraham the patriarch gave what?,A tentth of the spoils
INT,7:4,"Who, the patriarch?",Abraham
INT,7:5,Receive the priestly what?,Office
INT,7:7,It is beyond dispute that what?,The inferior is blessed by the superior
INT,7:7,The inferior is blessed by who?,The superior
INT,7:8,What are received by mortal men?,Tithes
INT,7:8,Mortal what?,Men
INT,7:9,Who paid tithes through Abraham?,Levi himself
INT,7:9,Paid what?,Tithes
INT,7:10,The loins of who?,His ancestor
INT,7:10,What of his ancestor?,The loins
INT,7:10,Still in the loins of his ancestor when?,When Melchizedek met him
INT,7:11,Now if perfection had been attainable how?,Through the Levitical priesthood
INT,7:11,Through the Levitical what?,Priesthood
INT,7:11,What had been attainable?,Perfection
INT,7:11,Another priest to arise after what?,The order of Melchizedek
INT,7:12,There is necessarily a what?,Change in the law
INT,7:12,There is necessarily a change in the law when?,When there is a change in the priesthood
INT,7:13,Who belonged to another tribe?,The one of whom these things are spoken
INT,7:13,Has ever served where?,At the altar
INT,7:14,In connection with that tribe Moses said what?,Nothing about priests
INT,7:15,This becomes even more what?,Evident
INT,7:15,Another priest arises how?,In the likeness of Melchizedek
INT,7:15,Another priest arises in the likeness of who?,Melchizedek
INT,7:16,Which basis?,A legal requirement
INT,7:16,Which requirement?,A legal
INT,7:16,Not on the basis of a legal requirement concerning what?,Bodily descent
INT,7:16,An indestructible what?,Life
INT,7:17,"For it is witnessed of him, what?","You are a priest forever, after the order of Melchizedek"
INT,7:18,What and uselessness?,Weakness
INT,7:19,What is intrroduced?,A better hope
INT,7:19,"A better hope is introduced, through which we what?",Draw near to God
INT,7:21,What his mind?,Change
INT,7:21,"Will not change his mind, you are what?",A priest forever
INT,7:22,This makes Jesus the guarantor of what?,A better covenant
INT,7:23,What were many in number?,The former priests
INT,7:23,Many in number why?,Because they were prevented by death from continuing in office
INT,7:23,Prevented by death from what?,Continuing in office
INT,7:24,But he holds his priesthood how?,Permanently
INT,7:24,"He holds his priesthood permanently, why?",Because he continues forever
INT,7:25,Save to the uttermost who?,Those who draw near to God through him
INT,7:25,To make intercession for who?,Those who draw near to God through him
INT,7:26,"Holy, innocent, unstained, separated from sinners and what?",Exalted above the heavens
INT,7:26,Exalted where?,Above the heavens
INT,7:26,Separated from who?,Sinners
INT,7:26,"Who, holy, innnocent, unstained, separated from sinners and exalted above the heaves?",Such a high priest
QT,8:1,Quote Hebrews 8:1,"Now the point in what we are saying is this: we have such a high priest, one who is seated at the right hand of the throne of the Majesty in heaven, "
QT,8:2,Quote Hebrews 8:2,"a minister in the holy places, in the true tent that the Lord set up, not man."
FTV,8:1,"Now the point in what Majesty in heaven, ","we are saying is this: we have such a high priest, one who is seated at the right hand of the throne of the"
FTV,8:2,a minister in the holy ,"places, in the true tent that the Lord set up, not man."
MA,8:2,A minister where?,"In the holy places, in the true tent that the Lord set up"
INT,8:2,A minister in the holy what?,Places
INT,8:5,They serve a copy and shadow of what?,The heavenly things
INT,8:5,They serve a copy and what?,Shadow
INT,8:5,Who was about to erect the tent?,Moses
INT,8:5,Moses was about to erect what?,The tent
INT,8:5,He was instructed by who?,God
INT,8:5,"He was instructed by God, saying what?",See that you make everything according to the pattern that was shown you on the mountain
INT,8:5,The pattern that was shown you where?,On the mountain
INT,8:5,Which pattern?,The pattern that was shown you on the mountain
INT,8:6,Christ has obtained a ministry that is what?,As much more excellent than the old as the covenant he mediates is better
INT,8:6,The covenant he mediates is what?,Better
INT,8:6,"The covenant he mediates is better, why?",Since it is enacted on better promises
INT,8:6,It is enacted on what?,Better promises
INT,8:6,What is enacted on better promises?,The covenant he mediates
INT,8:7,What had been faultless?,That first covenant
INT,8:7,No occasion to what?,Look for a second
INT,8:7,What to look for a second?,No occasion
INT,8:7,No occasion to look for what?,A second
INT,8:8,For he finds what?,Fault with them
INT,8:8,Who finds fault with them?,The Lord
INT,8:9,Bring them out of the land of Egypt how?,By the hand
INT,8:9,By the hand to bring them where?,Out of the land of Egypt
INT,8:9,And so I showed what?,No concern for them
INT,8:9,"I showed no concern for them, declares who?",The Lord
INT,8:11,From the least of them to what?,The greatest
INT,8:11,What to the greatest?,The least of them
INT,8:12,What toward their iniquities?,I will be merciful
INT,8:12,"Merciful toward their iniquities, and I will what?",Remember their sins no more
INT,8:13,And what is becoming obsolete and what?,Growing old
INT,8:13,Becoming obsolete and growing old is what?,Ready to vanish away
INT,8:13,Ready to what?,Vanish away
INT,8:13,What to vanish away?,Ready
INT,8:13,What and growing old?,Obsolete
QT,9:27,Quote Hebrews 9:27,"And just as it is appointed for man to die once, and after that comes judgment,"
QT,9:28,Quote Hebrews 9:28,"so Christ, having been offered once to bear the sins of many, will appear a second time, not to deal with sin but to save those who are eagerly waiting for him."
FTV,9:27,And just as it is,"appointed for man to die once, and after that comes judgment,"
FTV,9:28,"so Christ, having been offered ","once to bear the sins of many, will appear a second time, not to deal with sin but to save those who are eagerly waiting for him."
MA,9:2,The lampstand and what?,The table and the bread of the presence
INT,9:2,The bread of the what?,Presence
INT,9:2,The table and the what?,Bread of the presence
INT,9:2,In which were the lampstand and the table and the bread of the presence. It is called what?,The Holy Place
INT,9:4,The golden altar of incense and what?,The ark of the covenant
INT,9:4,What with gold?,Covered on all sides
INT,9:4,Ark of the covenant covered how?,On all sides with gold
INT,9:4,Ark of the covenant covered on all sides with what?,Gold
MA,9:4,A golden urn holding the manna and what?,"Aaron's staff that budded, and the tablets of the covenant"
INT,9:4,The tablets of what?,The covenant
INT,9:4,What budded?,Aaron's staff
INT,9:4,Which urn?,A golden
INT,9:5,Above it were the cherubim of what?,Glory
INT,9:5,The cherubim of glory overshadowing what?,The mercy seat
INT,9:5,Overshadowing what?,The mercy seat
INT,9:5,Which seat?,The mercy seat
INT,9:6,These preparations having been what?,Thus made
INT,9:6,The priests go regularly where?,Into the first section
INT,9:6,"The priests go regularly into the first section, performing what?",Their ritual duties
INT,9:6,Performing their ritual what?,Duties
INT,9:6,Which duties?,Their ritual
INT,9:7,The high priest goes where?,Into the second
INT,9:7,"The high priest goes, and he but when?",Once a year
MA,9:7,"Not without taking blood, which he offers for what?",Himself and for the unintentional sins of the people
INT,9:7,The unintentional sins of whom?,The people
INT,9:7,The unintentional what?,Sins of the people
INT,9:7,"Blood, which he offers for himself and for what?",The unintentional sins of the people
INT,9:8,What is still standing?,The first section
INT,9:8-9,Is still standing (which is symbolic for) what?,The present age
INT,9:9,"According to this arrangement, what?",Gifts and sacrifices are offered that cannot perfect the conscience of the worshiper
INT,9:9,What of the worshiper?,The conscience
INT,9:10,Only with food and drink and what?,Various washings
INT,9:10,"What, imposed until the time of reformation?",Regulations for the body
INT,9:10,What of reformation?,The time
INT,9:11,What not of this creation?,The greater and more perfect tent
INT,9:12,Securing an eternal redemption how?,By means of his own blood
INT,9:12,Thus securing what?,An eternal redemption
INT,9:12,Which redemption?,An eternal
INT,9:13,What and the sprinkling of defiled persons with the ashes of a heifer?,The blood of goats and bulls
INT,9:13,The sprinkling of defiled what?,Persons
INT,9:13,The sprinkling of defiled persons how?,With the ashes of a heifer
INT,9:13,With the ashes of what?,A heifer
INT,9:14,Offered himself without blemish to God how?,Through the eternal Spirit
INT,9:14,Offered himself without blemish to who?,God
INT,9:14,Purify our what?,Conscience
INT,9:14,Purify our conscience from what?,Dead works
INT,9:14,Purify our conscience from dead works why?,To serve the living God
INT,9:15,Since a death has occured that what?,Redeems them from the transgressions committed under the first covenant
INT,9:15,Since a death has occured that redeems them from what?,The transgressions committed under the first covenant
INT,9:15,The transgressions committed where?,Under the first covenant
INT,9:16,"Where a will is involved, the death of the one who made it must be what?",Established
INT,9:16,What must be established?,The death of the one who made it
INT,9:17,A will takes effect when?,Only at death
INT,9:17,"A will takes effect only at death, why?",Since is is not in force as long as the one who made it is alive.
INT,9:17,What is inot in force?,A will
INT,9:17,Who is alive?,The one who made it
INT,9:18,What was inaugurated without blood?,Not even the first covenant
INT,9:19,With water and scarlet wool and what?,Hyssop
INT,9:19,Scarlet what?,Wool
INT,9:19,Which wool?,Scarlet
MA,9:19,What and hyssop?,Water and scarlet wool
MA,9:19,Sprinkled both the book itself and all the people how?,With water and scarlet wool and hyssop
INT,9:19,Sprinkled both the book itself and what?,All the people
INT,9:19,Sprinkled both the book itself and all the people when?,When every commandment of the law had been declared by Moses to all the people
INT,9:20,What that God commanded for you?,This is the blood of the covenant
INT,9:21,All the vessels used how?,In worship
INT,9:22,"Indeed, under the law almost everything is what?",Purified with blood
INT,9:22,"Under the law almost everything is purified with blood, and what?",Without the shedding of blood there is no forgiveness of sins
INT,9:23,What purified with these rites?,Copies of the heavenly things
INT,9:23,"Purified with these rites, but the heavenly things themselves with what?",Better sacrifices than these
INT,9:26,Would have had to suffer how?,Repeatedly
INT,9:26,Would have had to suffer repeatedly since when?,The foundation of the world
INT,9:26,The end of the ages to put awat sin how?,By the sacrifice of himself
INT,9:27,What for man to die once?,It is appointed
INT,9:27,"Appointed for man to die once, and after that comes what?",Judgment
INT,9:28,Those who are eagerly waiting for who?,Christ
INT,9:28,What those who are eagerly waiting for him?,To save
QT,10:12,Quote Hebrews 10:12,"But when Christ had offered for all time a single sacrifice for sins, he sat down at the right hand of God,"
QT,10:13,Quote Hebrews 10:13,waiting from that time until his enemies should be made a footstool for his feet.
QT,10:14,Quote Hebrews 10:14,For by a single offering he has perfected for all time those who are being sanctified.
FTV,10:12,But when Christ had offered ,"for all time a single sacrifice for sins, he sat down at the right hand of God,"
FTV,10:13,waiting from that time until,his enemies should be made a footstool for his feet.
FTV,10:14,For by a single offering,he has perfected for all time those who are being sanctified.
INT,10:1,Things to come instead of what?,The true form of these realities
INT,10:1,The true form of what?,These realities
INT,10:1,What of these realities?,The true form
INT,10:1,What things to come instead of the true form of these realities?,A shadow of the good
INT,10:1,"Instead of the true form of these realities, it can never what?",Make perfect those who draw near
INT,10:2,"Otherwise, would they not have what??",Ceased to be offered
INT,10:2,Ceased to be what?,Offered
INT,10:2,Ceased to be offered why?,Since the worshipers would no longer have any consciousness of sins
INT,10:2,"Who, having once been cleansed?",The worshipers
INT,10:2,"The worshipers, having once been cleansed, would no longer have what?",Any consciousness of sins
INT,10:3,There is a reminder of sins every year how?,In these sacrifices
INT,10:7,In the scroll of what?,The book
INT,10:7,What of the book?,The scroll
INT,10:9,"Then he added, what?","Behold, I have come to do your will."
INT,10:14,He has perfected for all time those who are being sanctified how?,By a single offering
INT,10:14,He has perfected for what?,All time
INT,10:14,He has perfected for all time who?,Those who are being sanctified
INT,10:17,"Then he adds, what?",I will remember their sins and their lawless deeds no more
MA,10:17,"Then he adds, I will remember what?",Their sins and their lawless deeds
INT,10:17,Which deeds?,Their lawless
INT,10:17,Their lawless what?,Deeds
INT,10:17,What and their lawless deeds no more?,I will remember their sins
INT,10:22,What sprinkled clean from an evil conscience?,Our hearts
INT,10:22,Hearts sprinkled clean from an evil conscience and what?,Our bodies washed with pure water
INT,10:22,Our bodies washed how?,With pure water
INT,10:22,Pure what?,Water
INT,10:22,What with pure water?,Washed
INT,10:23,What without wavering?,Hold fast to the confession of our hope
INT,10:23,"Without wavering, why?",For he who promised is faithful
INT,10:23,"Without wavering, for he who promised is what?",Faithful
MA,10:24,How to stir up one another to what?,Love and good works
INT,10:25,Not neglecting to what?,Meet together
INT,10:25,Meet how?,Together
INT,10:25,What together?,Meet
INT,10:25,"Not neglecting to meet together, as is the habit of some, but what?",Encouraging one another
INT,10:25,Encouraging one another how?,All the more as you see the Day drawing near
INT,10:25,The Day drawing what?,Near
INT,10:26,If we go on sinning how?,Deliberately
INT,10:26,If we go on sinning deliberately when?,After receiving the knowledge of the truth
INT,10:26,After receiving the knowledge of what?,The truth
INT,10:27,But a fearful expectation of what?,Judgement
INT,10:27,A fury of what?,Fire
INT,10:27,A fury of fire that will what?,Consume the adversaries
INT,10:27,What that will consume the adversaries?,A fury of fire
INT,10:27,A fury of fire that will consume who?,The adversaries
INT,10:28,Anyone who has what?,Set aside the law of Moses
INT,10:28,Anyone who has set aside the law of Moses what?,Dies without mercy
INT,10:28,Who dies without mercy on the evidence of two or three witnesses?,Anyone who has set aside the law of Moses
INT,10:28,Anyone who has set aside the law of Moses dies how?,Without mercy
INT,10:28,Dies without mercy how?,On the evidence of two or three witnesses
MA,10:28,Dies without mercy on the evidence of whom?,Two or three witnesses
INT,10:29,How much worse what?,Punishment
INT,10:29,Which punishment?,Worse punishment
INT,10:29,"How much worse punishment, do you think, will be deserved by who?",The one who has trampled underfoot the son of God
INT,10:29,The one who has trampled how?,Underfoot
INT,10:29,The one who has trampled underfoot who?,The Son of God
MA,10:29,"The one who has trampled underfoot the Son of God, and has what?","Profaned the blood of the covenant by which he was sanctified, and has outraged the Spirit of grace"
INT,10:29,And has profaned what?,The blood of the covenant
INT,10:29,And has profaned the blood of the covenant by what?,Which he was sanctified
INT,10:29,And has outraged whom?,The Spirit of grace
INT,10:30,What is mine?,Vengance
INT,10:30,Vengance is mine; what?,I will repay
INT,10:30,"What, I will repay?",Vengance is mine
INT,10:30,"""Vengance is mine; I will repay."" And again, what?","""The Lord will judge his people."""
INT,10:31,It is a fearful thing to what?,Fall into the hands of the living God
INT,10:31,It is a fearful thing to fall into the hands of whom?,The living God
INT,10:32,But recall what?,The former days
INT,10:32,"What, a hard struggle with sufferings?",You endured
INT,10:32,"What, with sufferings?",A hard struggle
MA,10:33,Sometimes being publicly exposed to what?,Reproach and affliction
INT,10:33,What and affliction?,Reproach
INT,10:33,And sometimes being partners with whom?,Those so treated
INT,10:33,"What, with those so treated?",Being partners
INT,10:34,For you had compassion on those where?,In prison
INT,10:34,You joyfully what?,Accepted the plundering of your property
INT,10:34,You joyfully accepted what?,The plundering of your property
INT,10:34,The plundering of what?,Your property
INT,10:34,"You joyfully accepted the plundering of your property, why?",Since you knew that you yourselves had a better possession and an abiding one
INT,10:34,Since you knew what?,That you yourselves had a better possession
INT,10:34,A better possession and what?,An abiding one
INT,10:35,Therefore do not throw away what?,Your confidence
INT,10:35,"Therefore do not throw away your confidence, which has what?",A great reward
INT,10:36,When you have done what?,The will of God
INT,10:36,"When you have done the will of God, you may what?",Receive what is promised
INT,10:37,Who will not delay?,The coming one
INT,10:38,"If he shrinks back, what?",My soul has no pleasure in him
INT,10:39,Those who shrink back and are what?,Destroyed
INT,10:39,What and are destroyed?,Those who shrink back
INT,10:39,Who preserve their souls?,Those who have faith
INT,10:39,Have faith and preserve what?,Their souls
QT,11:1,Quote Hebrews 11:1,"Now faith is the assurance of things hoped for, the conviction of things not seen."
QT,11:2,Quote Hebrews 11:2,For by it the people of old received their commendation.
QT,11:3,Quote Hebrews 11:3,"By faith we understand that the universe was created by the word of God, so that what is seen was not made out of things that are visible."
FTV,11:1,Now faith is the assurance ,"of things hoped for, the conviction of things not seen."
FTV,11:2,For by it the people,of old received their commendation.
FTV,11:3,By faith we understand that,"the universe was created by the word of God, so that what is seen was not made out of things that are visible."
INT,11:1,"The assurance of things hoped for, what?",The conviction of things not seen
INT,11:1,What of things hoped for?,The assurance
INT,11:1,The conviction of what?,Things not seen
INT,11:2,Who received their commendation?,The people of old
INT,11:2,Received their commendation how?,By it (faith)
INT,11:3,By faith we understand what?,That the universe was created by the word of God
INT,11:3,We understand that the universe was created by the word of God how?,By faith
INT,11:4,"More acceptable sacrifice than Cain, through which he was what?",Commended as righteous
INT,11:4,God commending him how?,By accepting his gifts
INT,11:4,What by accepting his gifts?,God commending him
INT,11:5,By faith Enoch was what?,Taken up so that he should not see death
INT,11:5,Enoch was taken up how?,By faith
INT,11:5,What as having pleased God?,He was commended
INT,11:6,It is impossible to please him how?,Without faith
MA,11:6,"It is impossible to please him, for whoever would draw near to God must what?",Believe that he exists and that he rewards those who seek him
MA,11:6,Must believe that he what?,Exists and that he rewards those who seek him
INT,11:6,He rewards those who what?,Seek him
INT,11:6,He exists and that he what?,Rewards those who seek him
INT,11:7,"By faith Noah, being warned how?",By God
INT,11:7,What as yet unseen?,Events
INT,11:7,Warned by God concerning events as yet what?,Unseen
INT,11:7,Who in reverent fear constructed an ark?,Noah
INT,11:7,Constructed an ark for the saving of his household how?,In reverent fear / In faith
INT,11:7,In reverent fear constructed an ark why?,For the saving of his household
INT,11:7,By this he condemned what?,The world
INT,11:7,By this he condemned the world and became what?,An heir of the righteousness that comes by faith
INT,11:8,By faith Abraham obeyed when?,When he was called to go out to a place that he was to receive as an inheritance.
INT,11:8,Who obeyed when he was called to go out to a place that he was to receive as an inheritance?,Abraham
INT,11:8,No knowing what?,Where he was going
INT,11:8,What where he was going?,Not knowing
MA,11:9,Living in tents with whom?,Isaac and Jacob
INT,11:9,What in tents with Isaac and Jacob?,Living
INT,11:10,For he was looking forward to what?,The city that has foundations
INT,11:10,"The city that has foundations, whose what?",Designer and builder is God
INT,11:10,Whose designer and builder is whom?,God
INT,11:10,"What, whose designer and builder is God?",The city that has foundations
INT,11:10,"Who was looking forward to the city that has foundations, whose designer and builder is God?",Abraham
INT,11:11,By faith Sarah herself what?,Received power to conceive
INT,11:11,Sarah herself received power to conceive how?,By faith
INT,11:11,"Sarah herself received power to conceive, even what?",When she was past the age
INT,11:11,"Even when she was passed the age, why?",Since she considered him faithful who had promised.
INT,11:12,As many as the stars of what?,Heaven
INT,11:12,The innumerable grains of sand where?,By the seashore
INT,11:12,The innumerable what?,Grains of sand by the seashore
INT,11:12,What by the seashore?,The innumerable grains of sand
INT,11:13,Greeted them from where?,Afar
MA,11:13,Having acknowledged that they were what?,Strangers and exiles on the earth
INT,11:13,Exiles on what?,The earth
INT,11:14,They are seeking what?,A homeland
INT,11:15,If they had been thinking of what?,That land from which they had gone out
INT,11:15,They would have had opportunity to what?,Return
INT,11:16,Which country,A better / A heavenly one
INT,11:16,"They desire a better country, that is what?",A heavenly one
INT,11:17,"Abraham, when he was tested, what?",Offered up Issac
INT,11:19,"From which, figuratively speaking, he what?",Did receive him back
INT,11:20,By faith Isaac invoked what?,Future blessings on Jacob and Esau
MA,11:20,By faith Isaac invoked future blessings on whom?,Jacob and Esau
INT,11:20,Which blessings?,Future
INT,11:20,"Isaac invoked future blessings on Jacob and Esau, how?",By faith
INT,11:21,"By faith Jacob, when dying, what?",Blessed each of the sons of Joseph
INT,11:21,Bowing in worship how?,Over the head of his staff
INT,11:21,Bowing in worship over the head of what?,His staff
INT,11:22,Who made mention of the exodus of the Israelites?,Joseph
INT,11:22,The exodus of whom?,The Israelites
INT,11:22,Made mention of the exodus of the Israelites and what?,Gave directions concerning his bones
INT,11:22,What concerning his bones?,Directions
INT,11:23,Hidden for three months by whom?,His parents
INT,11:23,Hidden for three months by his parents why?,Because they saw the child was beautiful
INT,11:23,Who's edict?,The king's
INT,11:23,Not afraid of the king's what?,Edict
INT,11:24,"Moses, when he was grown up, what?",Refused to be called the son of Pharaoh's daughter
INT,11:24,"Moses, when he was grown up, refused to be called the son of Pharaoh's daughter how?",By faith
INT,11:25,Choosing rather to be what?,Mistreated with the people of God
INT,11:25,Choosing rather to be mistreated with the people of God than to what?,Enjoy the fleeting pleasures of sin
INT,11:25,Enjoy the fleeting pleasures of what?,Sin
INT,11:25,Which pleasures of sin?,The fleeting
INT,11:26,Greater wealth than what?,The treasures of Egypt
INT,11:26,What greater wealth than the treasures of Egypt?,The reproach of Christ
INT,11:27,The anger of whom?,The king
INT,11:27,What as seeing him who is invisible?,He endured
INT,11:27,He endured as seeing him who is what?,Invisible
INT,11:28,He kept the Passover how?,By faith
INT,11:28,By faith he kept the Passover and what?,Sprinkled the blood
INT,11:28,"By faith he kept the Passover and sprinkled the blood, why?",So that the Destroyer of the firstborn might not touch them
INT,11:28,The Destroyer of what?,The firstborn
INT,11:28,Who might not touch them?,The Destroyer of the firstborn
INT,11:29,Who crossed the Red Sea as on dry land?,The people
INT,11:29,The people crossed the Red Sea as on dry land how?,By faith
INT,11:29,Which Sea?,The Red
INT,11:29,Crossed the Red Sea as on what?,Dry land
INT,11:29,"But the Egyptians, when they attempted to what?",Do the same
INT,11:29,"But the Egyptians, when they attempted to do the same, were what?",Drowned
INT,11:29,Who were drowned?,The Egyptians
INT,11:30,By faith the walls of Jericho what?,Fell down
INT,11:30,The walls of Jericho fell down when?,After they had been encircled for seven days
INT,11:30,The walls of Jericho fell down how?,By faith
INT,11:30,They had been encircled how?,For seven days
INT,11:30,Encircled for seven what?,Days
INT,11:31,By faith Rahab who?,The prostitute
INT,11:31,By faith Rahab the prostitute did not what?,Perish with those who were disobedient
INT,11:31,Rahab the prostitute did not perish how?,By faith
INT,11:31,She had given a friendly welcome to whom?,The spies
INT,11:31,Which welcome to the spies?,A friendly
INT,11:31,Who had given a friendly welcome to the spies?,Rahab the prostitute
MA,11:32,For time would fail me to tell of whom?,"Gideon, Barak, Samson, Jepthah, of David and Samuel and the prophets"
INT,11:32,Of David and Samuel and whom?,The prophets
INT,11:33,Through faith conquered what?,Kingdoms
INT,11:33,Enforced what?,Justice
INT,11:33,Stopped what?,The mouths of lions
INT,11:33,Stopped the mouths of what?,Lions
INT,11:34,Quenched what?,The power of fire
INT,11:34,Escaped what?,The edge of the sword
INT,11:34,The edge of what?,The sword
INT,11:34,Became mighty where?,In war
INT,11:34,Put foreign armies to what?,Flight
INT,11:34,What to flight?,Foreign armies
INT,11:35,Women received back what?,Their dead
INT,11:35,Women received back their dead how?,By resurrection
INT,11:35,Some were tortured why?,So that they might rise again to a better life
INT,11:35,"Some were tortured, refusing to what?",Accept release
INT,11:35,That they might rise again to what?,A better life
MA,11:36,Others suffered what?,Mocking and flogging
INT,11:36,Others suffered mocking and what?,Flogging
MA,11:36,"Others suffered mocking and flogging, and even what?",Chains and imprisonment
INT,11:36,Even chains and what?,Imprisonment
INT,11:37,"They were sawn in two, they were what?",Killed with the sword
INT,11:37,They were killed how?,With the sword
MA,11:37,They went about in skins of what?,Sheep and goats
INT,11:37,"Destitute, afflicted, what?",Mistreated
MA,11:38,Wandering about where?,"In deserts and mountains, and in dens and caves of the earth"
MA,11:38,"Wandering about in deserts and mountains, and where?",In dens and caves of the earth
INT,11:38,In dens and caves of what?,The earth
INT,11:38,What in deserts and mountains?,Wandering about
INT,11:40,Who had provided something better for us?,God
INT,11:40,That apart from us they what?,Should not be made perfect
QT,12:1,Quote Hebrews 12:1,"Therefore, since we are surrounded by so great a cloud of witnesses, let us also lay aside every weight, and sin which clings so closely, and let us run with endurance the race that is set before us,"
QT,12:2,Quote Hebrews 12:2,"looking to Jesus, the founder and perfecter of our faith, who for the joy that was set before him endured the cross, despising the  shame, and is seated at the right hand of the throne of God."
FTV,12:1,"Therefore, since we are surrounded ","by so great a cloud of witnesses, let us also lay aside every weight, and sin which clings so closely, and let us run with endurance the race that is set before us,"
FTV,12:2,"looking to Jesus, the founder ","and perfecter of our faith, who for the joy that was set before him endured the cross, despising the shame, and is seated at the right hand of the throne of God."
INT,12:1,"Therefore, since we are surrounded by what?",So great a cloud of witnesses
INT,12:1,So great a cloud of what?,Witnesses
MA,12:1,Let us also lay aside what?,Every weight and sin which clings so closely
INT,12:1,"What, which clings so closely?",Sin
INT,12:1,What every weight and sin which clings so closely?,Let us lay aside
INT,12:1,Let us run how?,With endurance
INT,12:1,Let us run with endurance what?,The race that is set before us
INT,12:1,The race that is what?,Set before us
INT,12:1,What clings so closely?,Sin
INT,12:2,"Who, the founder and perfecter of our faith?",Jesus
INT,12:2,What and perfecter of our faith?,The founder
INT,12:2,"Jesus, the founder and perfecter of our faith, who for the joy that was set before him what?",Endured the cross
INT,12:2,"Endured the cross, despising what?",The shame
INT,12:2,What the shame?,Despising
INT,12:2,"Endured the cross, despising the shame, and is what?",Seated at the right hand of the throne of God
INT,12:3,Endured from sinners such hostility against whom?,Himself
INT,12:3,"Endured from sinners such hostility against himself, why?",So that you may not grow weary or fainthearted
INT,12:3,You may not grow weary or what?,Fainthearted
INT,12:3,What or fainthearted?,Weary
INT,12:4,You have not yet resisted how?,To the point of shedding your blood
INT,12:4,You have not yet resisted to the point of shedding your blood where?,In you struggle against sin
INT,12:5,And have you forgotten what?,The exhoration that addresses you as sons
INT,12:5,Have you forgotten the exhortation that what?,Addresses you as sons
INT,12:5,The exhortation that addresses you as what?,Sons
INT,12:5,"My son, do not regard lightly what?",The discipline of the Lord
INT,12:5,Nor be weary when reproved by whom?,The Lord
INT,12:6,He loves and chastises whom?,Every son whom he receives
INT,12:6,And chastises every son whom he what?,Receives
INT,12:7,God is treating you how?,As sons
INT,12:8,Then you are illegitimate what?,Children
INT,12:8,Then you are illegitimate children and not what?,Sons
INT,12:9,"Besides this, we have had what?",Earthly fathers who disciplined us
INT,12:10,What for a short time as it seemed best to them?,They disciplined us
INT,12:10,They disciplined us for a short time how?,As it seemed best to them
INT,12:11,For the moment all discipline seems what?,Painful
INT,12:11,All discipline seems painful rather than what?,Pleasant
INT,12:11,What rather than pleasant?,Painful
INT,12:11,"For the moment all discipline seems painful rather than pleasant, but later it what?",Yields the peaceful fruit of righteousness to those who have been trained by it
INT,12:11,It yields the peaceful fruit of what?,Righteousness
INT,12:11,What yields the peaceful fruit of righteousness?,All discipline
INT,12:12,Therefore lift your what?,Drooping hands
INT,12:12,Lift your drooping hands and strengthen what?,Your weak knees
INT,12:12,Strengthen your weak what?,Knees
INT,12:13,Make straight paths for what?,Your feet
INT,12:13,"Make straight paths for your feet, why?",So that what is lame may not be put out of joint but rather be healed
INT,12:13,That what is lame may not be what?,Put out of joint
INT,12:13,What is lame may not be put out of joint but rather what?,Be healed
INT,12:15,That no one fails to obtain what?,The grace of God
MA,12:15,That no root of bitterness what?,Springs up and causes trouble
INT,12:15,Springs up and causes what?,Trouble
INT,12:16,Sexually immoral or unholy like whom?,Esau
INT,12:16,"Unholy like Esau, who what?",Sold his birthright for a single meal
INT,12:16,Sold his birthright for what?,A single meal
INT,12:16,Who sold his birthright for a single meal?,Esau
INT,12:17,"He was rejected, when?","Afterward, when he desired to inherit the blessing"
INT,12:17,He found no chance to what?,Repent
INT,12:17,"He found no chance to repent, though he what?",Sought it with tears
INT,12:17,Though he sought it how?,With tears
MA,12:18,A blazing fire and darkness and what?,Gloom and a tempest
INT,12:19,And the sound of a what?,Trumpet
INT,12:19,What made the hearers beg that no further messages be spoken to them?,A voice whose words
INT,12:19,No further messages be what?,Spoken to them
INT,12:20,They could not endure what?,The order that was given
INT,12:20,If even a beast what?,Touches the mountain
INT,12:20,"If even a beast touches the mountain, what?",It shall be stoned
INT,12:21,"So terrifying was the sight that Moses said, what?",I tremble with fear
INT,12:21,"Moses said, ""I tremble"" how?",With fear
INT,12:22,Which Mount?,Zion
INT,12:22,"What, the heavenly Jerusalem?",The city of the living God
INT,12:22,What in festal gathering?,Innumerable angels
INT,12:23,And to the assembly of whom?,The firstborn who are enrolled in heaven
INT,12:23,The assembly of the firstborn who are enrolled where?,In heaven
INT,12:25,That you do not refuse who?,Him who is speaking
INT,12:25,Do not refuse him who is what?,Speaking
INT,12:25,Much less will we escape if we what?,Reject him who warns from heaven
INT,12:25,If we reject him who warns from where?,Heaven
INT,12:26,His voice shook what?,The earth
MA,12:26,Once more I will shake what?,Not only the earth but also the heavens
INT,12:27,"This phrase, ""Yet once more,"" indicates what?",The removal of things that are shaken
INT,12:27,Indicates the removal of what?,Things that are shaken
INT,12:27,"This phrase, ""Yet once more,"" indicates the removal of things that are shaken, why?",In order that the things that cannot be shaken may remain
INT,12:28,Therefore let us be grateful for what?,Receiving a kingdom that cannot be shaken
INT,12:28,"What, with reverence and awe?",Let us offer to God acceptable worship
INT,12:29,Who is a consuming fire?,Our God
QT,13:20,Quote Hebrews 13:20,"Now may the God of peace who brought again from the dead our Lord Jesus, the great shepherd of the sheep, by the blood of the eternal covenant,"
QT,13:21,Quote Hebrews 13:21,"equip you with everything good that you may do his will, working in us that which is pleasing in his sight, through Jesus Christ, to whom be glory forever and ever. Amen."
FTV,13:20,Now may the God of ,"peace who brought again from the dead our Lord Jesus, the great shepherd of the sheep, by the blood of the eternal covenant,"
FTV,13:21,equip you with everything good ,"that you may do his will, working in us that which is pleasing in his sight, through Jesus Christ, to whom be glory forever and ever. Amen."
INT,13:1,Let brotherly love what?,Continue
INT,13:2,Show hospitality to whom?,Strangers
INT,13:2,For thereby some have entertained whom?,Angels
INT,13:2,Thereby some have entertained angels how?,Unawares
INT,13:4,What be held in honor among all?,Marriage
INT,13:4,Let the marriage bed be what?,Undefiled
INT,13:4,"Let the marriage bed be undefiled, why?",For God will judge the sexually immoral and adulterous
INT,13:5,Keep your life freer from what?,Love of money
INT,13:5,And be content with what?,What you have
INT,13:5,"Be content with what you have, why?","For he has said, ""I will never leave you nor forsake you."""
MA,13:6,"So we can confidently say, what?","""The Lord is my helper; I will not fear; what can man do to me?"""
INT,13:6,The Lord is my helper; I will not what?,Fear
INT,13:7,Consider the outcome of what?,Their way of life
INT,13:7,Imitate what?,Their faith
INT,13:8,Who is the same yesterday and today and forever?,Jesus Christ
MA,13:8,The same yesterday and when?,Today and forever
MA,13:9,Which teachings?,Diverse and strange
INT,13:9,Led away by diverse and strange what?,Teachings
INT,13:9,"What to be strengthened by grace, not by foods?",The heart
INT,13:9,The heart to be strengthened by what?,Grace
INT,13:9,"Not by foods, which have not what?",Benefited those devoted to them
INT,13:9,Have not benefited those devoted to what?,Foods
INT,13:11,The bodies of those animals whose blood is what?,Brought into the holy places by the high priest
INT,13:11,The bodies of those animals whose blood is brought into the holy places by the high priest as a sacrifice for sin are burned where?,Outside the camp
INT,13:12,Also suffered outside the gate why?,In order to sanctify the people through his own blood
INT,13:14,For here we have no what?,City
INT,13:14,"For here we have no lasting city, but we what?",Seek the city that is to come
INT,13:15,The fruit of lips that acknowledge what?,His name
INT,13:15,What of lips that acknowledge his name?,The fruit
INT,13:17,Submit to whom?,Your leaders
INT,13:17,"Submit to them, why?",For they are keeping watch over your souls
INT,13:17,"They are keeping watch over your souls, as whom?",Those who will have to give an account
INT,13:18,Desiring to act how?,Honorably
INT,13:18,Desiring to act honorably how?,In all things
INT,13:19,I urge you how?,The more earnestly
INT,13:19,I urge you the more earnestly to do this why?,In order that I may be restored to you the sooner
INT,13:19,I may be restored to you when?,The sooner
INT,13:20,The great shepherd of what?,The sheep
INT,13:20-21,Equip you with everything good how?,By the blood of the eternal covenant
INT,13:20,"The great shepherd of the sheep, by the blood of what?",The eternal covenant
INT,13:21,Equip you with everything what?,Good
INT,13:21,Equip you with everything good why?,That you may do his will
INT,13:21,Working in us what?,That which is pleasing in his sight
INT,13:21,"Working in us that which is pleasing in his sight, through whom?",Jesus Christ
MA,13:21,"Working in us that which is pleasing in his sight, through Jesus Christ, to whom be glory when?",Forever and ever
INT,13:22,"I appeal to you brothers, what?",Bear with my word of exhortation
INT,13:22,"I appeal to you brothers, bear with my word of exhortation, for I have written to you how?",Briefly
INT,13:23,Our brother Timothy has been what?,Released
INT,13:23,Who has been released?,Our brother Timothy
INT,13:23,What if he comes soon?,I shall see you
MA,13:24,Greet whom?,All your leaders and all the saints
INT,13:24,Those who come from Italy what?,Send you greetings
INT,13:24,Who send you greetings?,Those who come from Italy
INT,13:24-25,Those who come from Italy send you greetings. Grace be with whom?,All of you